Project Name,Directorate,Project Classification,Project Type,Wellbeing Domain/ Government Priority,2021-2022 Budgeted Financing ($'000),2022-2023 Budgeted Financing ($'000),2023-2024 Budgeted Financing ($'000),2024-2025 Budgeted Financing ($'000),2025-2026 Budgeted Financing ($'000),Total Budgeted Financing ($'000)
General Works Provision,Central Agency,Infrastructure provisions,Other,Other,0,"74,000","80,000","80,000","100,000","334,000"
Cat registration,Transport Canberra and City Services Directorate,New Works,Environment and climate,Environment and climate,216,0,0,0,0,216
ACT NoWaste Food Organics Garden Organics facility,Transport Canberra and City Services Directorate,New Works,Environment and climate,Environment and climate,104,416,0,0,0,520
2020-21 Better Infrastructure Fund,ACT Health Directorate,Better Infrastructure Fund,Health services,Health,"1,697","1,432","1,468","1,505","1,543","7,645"
2020-21 Better Infrastructure Fund,Canberra Health Services,Better Infrastructure Fund,Health services,Health,"4,579","4,051","4,409","4,520","4,658","22,217"
2020-21 Better Infrastructure Fund,"Chief Minister, Treasury and Economic Development Directorate",Better Infrastructure Fund,Economic growth,Economy,"11,690","8,393","8,603","8,818","9,038","46,542"
2020-21 Better Infrastructure Fund,Education Directorate,Better Infrastructure Fund,Education,Education and life-long learning,589,0,0,0,0,589
ACT Corrective Services Information Management Solution,Justice and Community Safety Directorate,Works-in-progress,Community services,Safety,"2,145",0,0,0,0,"2,145"
ACT Emergency Services Agency - ACT Ambulance Service - Modernised and Sustainable Service Plan (MSSP),Justice and Community Safety Directorate,New Works,Community services,Safety,390,250,0,0,0,640
ACT Government office accommodation consolidation,"Chief Minister, Treasury and Economic Development Directorate",New Works,Economic growth,Governance and institution,"7,013",0,0,0,0,"7,013"
ACT Health Core IT Systems to align with the Digital Health Strategy,ACT Health Directorate,Works-in-progress,Health services,Health,"30,390","33,356","5,009","5,009",0,"73,764"
ACT Land Titles system modernisation,"Chief Minister, Treasury and Economic Development Directorate",Works-in-progress,Economic growth,Governance and institution,44,0,0,0,0,44
ACT Law Courts upgrades,Justice and Community Safety Directorate,New Works,Community services,Safety,350,0,0,0,0,350
ACT Legislation Register Replacement,Justice and Community Safety Directorate,Works-in-progress,Community services,Governance and institution,100,0,0,0,0,100
ACT NoWaste Weighbridge system replacement,Transport Canberra and City Services Directorate,New Works,Environment and climate,Environment and climate,351,0,0,0,0,351
ACT Policing’s Traffic Operations Centre - Accommodation Solution,Justice and Community Safety Directorate,Works-in-progress,Community services,Safety,"4,899","2,141",0,0,0,"7,040"
Acton Waterfront Parkland,City Renewal Authority,New Works,Urban infrastructure,Access and connectivity,999,"1,801",0,0,0,"2,800"
Address Relocation Funding Shortfall for ACAT,Justice and Community Safety Directorate,New Works,Community services,Governance and institution,"5,473",764,0,0,0,"6,237"
Addressing Growth in the City and Gateway,Education Directorate,Works-in-progress,Education,Education and life-long learning,55,0,0,0,0,55
Alexander Maconochie Centre Detainee industries and activities enforcement project,Justice and Community Safety Directorate,Works-in-progress,Community services,Safety,116,0,0,0,0,116
Amaroo School Senior Campus Expansion,Education Directorate,Works-in-progress,Education,Education and life-long learning,"8,480","3,550",0,0,0,"12,030"
Athllon Drive Duplication,Transport Canberra and City Services Directorate,Works-in-progress,Major roads,Time,266,"1,500","3,033",0,0,"4,799"
Backing our Arts and Entertainment - Recognising significant women through public art,"Chief Minister, Treasury and Economic Development Directorate",New Works,Urban infrastructure,Identity and belonging,20,180,0,0,0,200
Base BIF of the agency,Canberra Institute of Technology,Better Infrastructure Fund,Education,Education and life-long learning,"2,917","2,990","3,064","3,141","3,220","15,332"
Base BIF of the agency,Community Services Directorate,Better Infrastructure Fund,Community services,Social connection,511,448,459,470,482,"2,370"
Base BIF of the agency,Cultural Facilities Corporation,Better Infrastructure Fund,Community services,Social connection,439,450,461,473,497,"2,320"
Base BIF of the agency,Justice and Community Safety Directorate,Better Infrastructure Fund,Community services,Safety,0,-49,1,52,"2,207","2,211"
Belconnen Service Centre Modernisation,"Chief Minister, Treasury and Economic Development Directorate",Works-in-progress,Urban infrastructure,Access and connectivity,"1,240",0,0,0,0,"1,240"
Better buses to support the new bus network,Transport Canberra and City Services Directorate,Works-in-progress,Public transport and active travel,Access and connectivity,300,"19,510","17,700",0,0,"37,510"
Better care in the community - Expansion of palliative care services at Clare Holland House Hospice,ACT Health Directorate,Works-in-progress,Health services,Health,46,0,0,0,0,46
Better care when you need it  New medical imaging equipment,Canberra Health Services,Works-in-progress,Health services,Health,0,500,0,0,0,500
Better care when you need it - Protecting Canberrans from infectious diseases,ACT Health Directorate,Works-in-progress,Health services,Health,46,0,0,0,0,46
Better care when you need it - Training our future health workforce,Canberra Health Services,Works-in-progress,Health services,Health,0,"1,052",0,0,0,"1,052"
Better community infrastructure - Better local shops,Transport Canberra and City Services Directorate,Better Infrastructure Fund,Urban infrastructure,Access and connectivity,"2,610","3,900","6,600","5,600",0,"18,710"
Better community infrastructure - Better play spaces and dog parks,Transport Canberra and City Services Directorate,Better Infrastructure Fund,Urban infrastructure,Social connection,800,"1,700","1,500","1,300",0,"5,300"
Better community infrastructure - Improving local roads and community infrastructure,Transport Canberra and City Services Directorate,Works-in-progress,Urban roads,Access and connectivity,"1,530","5,651",0,0,0,"7,181"
Better community infrastructure - Tuggeranong Foreshore improvements,Transport Canberra and City Services Directorate,Better Infrastructure Fund,Urban infrastructure,Access and connectivity,500,"1,400","2,900",0,0,"4,800"
Better community infrastructure - Yerrabi Pond District Park,Transport Canberra and City Services Directorate,Better Infrastructure Fund,Urban infrastructure,Social connection,600,0,0,0,0,600
Better connecting Belconnen and Gungahlin (ACT contribution),Transport Canberra and City Services Directorate,Works-in-progress,Major roads,Time,774,"9,000","10,000",0,0,"19,774"
Better connecting Belconnen and Gungahlin (Cth contribution),Transport Canberra and City Services Directorate,Works-in-progress,Major roads,Time,"10,000","10,000",0,0,0,"20,000"
Better Customer Service - Improving Online Platforms,Transport Canberra and City Services Directorate,Works-in-progress,Public transport and active travel,Access and connectivity,"1,946","1,451",516,0,0,"3,913"
Better Government - ACT Property upgrades: Childcare centre upgrades,"Chief Minister, Treasury and Economic Development Directorate",Better Infrastructure Fund,Community services,Social connection,80,0,0,0,0,80
Better Government - Boosting government digital security,"Chief Minister, Treasury and Economic Development Directorate",Works-in-progress,Economic growth,Governance and institution,474,0,0,0,0,474
Better Government - Human Rights Commission digital capability,Justice and Community Safety Directorate,Works-in-progress,Community services,Governance and institution,58,20,0,0,0,78
Better Government - New Electoral Management System,Electoral Commissioner,Works-in-progress,Economic growth,Governance and institution,263,0,0,0,0,263
Better Government - New Jury Management System,Justice and Community Safety Directorate,Works-in-progress,Community services,Governance and institution,237,142,0,0,0,379
Better Health Services - Upgrading and maintaining ACT Health assets,Canberra Health Services,Works-in-progress,Health services,Health,"2,442","3,918",0,0,0,"6,360"
Better healthcare for a growing community  - ACT Pathology Laboratory information system replacement,ACT Health Directorate,Works-in-progress,Health services,Health,"3,701","1,506",0,0,0,"5,207"
Better healthcare for a growing community - ACT Health critical assets upgrades,Canberra Health Services,Works-in-progress,Health services,Health,"3,309","9,938",0,0,0,"13,247"
Better healthcare for a growing community - Delivering the Weston Creek Walk in Centre,Canberra Health Services,Works-in-progress,Health services,Health,240,0,0,0,0,240
Better healthcare for a growing community - More mental health accommodation,Canberra Health Services,Works-in-progress,Health services,Health,588,0,0,0,0,588
Better healthcare for a growing community - More mental health accommodation,Housing ACT,Works-in-progress,Health services,Health,398,0,0,0,0,398
Better Infrastructure Fund - Base,Office of the Legislative Assembly,Better Infrastructure Fund,Community services,Governance and institution,292,299,307,315,323,"1,536"
Better Infrastructure Fund - Base,Transport Canberra and City Services Directorate,Better Infrastructure Fund,Urban infrastructure,Access and connectivity,"19,902","14,055","13,819","18,962","28,046","94,784"
Better Intersections - Delivering our Election Commitments,Transport Canberra and City Services Directorate,Works-in-progress,Public transport and active travel,Safety,"1,126","2,909","2,050",0,0,"6,085"
Better online services through Access Canberra,"Chief Minister, Treasury and Economic Development Directorate",Works-in-progress,Economic growth,Governance and institution,38,0,0,0,0,38
Better public transport infrastructure for Canberra,Transport Canberra and City Services Directorate,Works-in-progress,Public transport and active travel,Access and connectivity,674,0,0,0,0,674
Better Roads for Gungahlin - Horse Park Drive duplication (Mulligans Flat Road to the Federal Highway),Transport Canberra and City Services Directorate,Works-in-progress,Major roads,Time,548,0,0,0,0,548
Better schools for our kids - Expanding Schools in Gungahlin,Education Directorate,Works-in-progress,Education,Education and life-long learning,"3,364",0,0,0,0,"3,364"
Better schools for our kids - Technology-enabled learning,Education Directorate,Works-in-progress,Education,Education and life-long learning,"4,967",0,0,0,0,"4,967"
Better Services - Improved asset management,Transport Canberra and City Services Directorate,Works-in-progress,Economic growth,Governance and institution,340,136,0,0,0,476
Better Services - Improving libraries - self service check out and improved access,Transport Canberra and City Services Directorate,Works-in-progress,Community services,Education and life-long learning,302,0,0,0,0,302
Better Services - Weston Creek and Stromlo Swimming pool and leisure centre,"Chief Minister, Treasury and Economic Development Directorate",Works-in-progress,Urban infrastructure,Social connection,872,0,0,0,0,872
Better services in your community - Essential Waste Management Infrastructure,Transport Canberra and City Services Directorate,Works-in-progress,Environment and climate,Environment and climate,41,0,0,0,0,41
Better services in your community - Integrated bus and light rail ticketing,Transport Canberra and City Services Directorate,Works-in-progress,Public transport and active travel,Access and connectivity,97,0,0,0,0,97
Better Support for Vulnerable Canberrans - Investing in enhanced infrastructure and wellbeing at the AMC,Justice and Community Safety Directorate,New Works,Community services,Safety,815,"4,029",0,0,0,"4,844"
Better support when it matters - Integrating the Winnunga Model of Care to Indigenous detainees in the Alexander Maconochie Centre,Justice and Community Safety Directorate,Works-in-progress,Community services,Identity and belonging,110,0,0,0,0,110
Better support when it matters - More frontline firefighters - Second crew at Ainslie Station,Justice and Community Safety Directorate,Works-in-progress,Community services,Safety,5,536,0,0,0,541
Accessible Bus Stops,Transport Canberra and City Services Directorate,Better Infrastructure Fund,Public transport and active travel,Access and connectivity,"1,865","1,265",0,0,0,"3,130"
Big Canberra Battery - Stream 2,"Chief Minister, Treasury and Economic Development Directorate",New Works,Environment and climate,Environment and climate,669,0,0,0,0,669
Black Spot Projects - Approved,Transport Canberra and City Services Directorate,Works-in-progress,Major roads,Safety,"2,125",0,0,0,0,"2,125"
Boosting Equipment for the ACT Emergency Services Agency,Justice and Community Safety Directorate,Works-in-progress,Community services,Safety,831,0,0,0,0,831
Boosting police for a growing city,Justice and Community Safety Directorate,Works-in-progress,Community services,Safety,13,0,0,0,0,13
Bridge Renewal Programme (ACT contribution),Transport Canberra and City Services Directorate,Works-in-progress,Major roads,Access and connectivity,"3,197","1,000",0,0,0,"4,197"
Building a better city - Canberra Brickworks - Access road and Dudley Street upgrade 2,Transport Canberra and City Services Directorate,Works-in-progress,Urban infrastructure,Access and connectivity,"3,720","1,000",0,0,0,"4,720"
Building a better city - Canberra's lakeside,City Renewal Authority,Works-in-progress,Economic growth,Access and connectivity,"13,169","1,715","1,000",0,0,"15,884"
Building a better city - City precinct improvements,City Renewal Authority,Works-in-progress,Economic growth,Identity and belonging,385,0,0,0,0,385
Building a better city - Gundaroo Drive duplication - Stage 2,Transport Canberra and City Services Directorate,Works-in-progress,Major roads,Time,0,"2,484",0,0,0,"2,484"
Building a better city - Improving major venues,"Chief Minister, Treasury and Economic Development Directorate",Works-in-progress,Urban infrastructure,Social connection,91,0,0,0,0,91
Building a better city - Improving Tharwa Village fire fighting water supply,Transport Canberra and City Services Directorate,Works-in-progress,Urban infrastructure,Safety,100,791,0,0,0,891
Building a better city - Indoor sports centres - Early planning,"Chief Minister, Treasury and Economic Development Directorate",Works-in-progress,Urban infrastructure,Social connection,0,64,0,0,0,64
Building a better city - Legislative Assembly Artwork,Office of the Legislative Assembly,Works-in-progress,Economic growth,Identity and belonging,30,30,30,30,30,150
Building a better city - Pialligo Avenue duplication early planning,Transport Canberra and City Services Directorate,Works-in-progress,Public transport and active travel,Time,477,0,0,0,0,477
Building a better city - Rehabilitating landfill sites,Transport Canberra and City Services Directorate,Works-in-progress,Environment and climate,Environment and climate,"1,206","6,400","16,000",0,0,"23,606"
Building facilities for Gugan Gulwan Youth Aboriginal Corporation,Community Services Directorate,Works-in-progress,Community services,Identity and belonging,497,0,0,0,0,497
Business system upgrade,Transport Canberra and City Services Directorate,Works-in-progress,Public transport and active travel,Access and connectivity,80,0,0,0,0,80
Calvary Critical Infrastructure,ACT Health Directorate,Works-in-progress,Health services,Health,"8,112",0,0,0,0,"8,112"
Calvary Critical Infrastructure,ACT Health Directorate,New Works,Health services,Health,"1,270","1,169",0,0,0,"2,439"
Canberra Light Rail - New Mitchell Light Rail Stop,Major Projects Canberra,Works-in-progress,Public transport and active travel,Access and connectivity,888,0,0,0,0,888
Canberra Light Rail - New Mitchell Light Rail stop,Major Projects Canberra,Works-in-progress,Public transport and active travel,Access and connectivity,"1,182",0,0,0,0,"1,182"
Canberra Museum and Gallery expansion and activation,Cultural Facilities Corporation,New Works,Urban infrastructure,Social connection,350,250,0,0,0,600
Canberra south-west corridor upgrade (ACT Contribution),Transport Canberra and City Services Directorate,New Works,Major roads,Access and connectivity,400,400,0,0,0,800
Canberra south-west corridor upgrade (Cth Contribution),Transport Canberra and City Services Directorate,New Works,Major roads,Access and connectivity,400,400,0,0,0,800
Canberra Theatre Centre Essential Upgrades,Cultural Facilities Corporation,New Works,Urban infrastructure,Social connection,900,195,347,0,0,"1,442"
Canberra Theatre Centre Expansion and Redevelopment Project,Major Projects Canberra,New Works,Urban infrastructure,Social connection,"1,053","1,726",0,0,0,"2,779"
Capital Funding for Legislative Assembly Library,Office of the Legislative Assembly,Works-in-progress,Economic growth,Governance and institution,5,5,5,5,5,25
Capital Upgrades,Canberra Health Services,Better Infrastructure Fund,Health services,Health,23,24,25,25,0,97
Capital Upgrades,"Chief Minister, Treasury and Economic Development Directorate",Better Infrastructure Fund,Economic growth,Economy,301,205,0,0,0,506
Caring for our Environment - Improving species and habitat protection,"Environment, Planning and Sustainable Development Directorate",Works-in-progress,Environment and climate,Environment and climate,72,0,0,0,0,72
Casey Community Recreation Park,"Chief Minister, Treasury and Economic Development Directorate",New Works,Urban infrastructure,Social connection,500,"2,000",500,0,0,"3,000"
Central Budget Provisions,Central Agency,Infrastructure provisions,Public transport and active travel,Access and connectivity,0,"160,005","146,853","165,996","186,445","659,299"
Central Budget Provisions,Central Agency,Infrastructure provisions,Economic growth,Economy,0,"5,000",0,0,0,"5,000"
Central Budget Provisions,Central Agency,Infrastructure provisions,Education,Education and life-long learning,0,0,"1,957",0,"14,430","16,387"
Central Budget Provisions,Central Agency,Infrastructure provisions,Environment and climate,Environment and climate,0,"48,600","71,956","21,258","25,788","167,602"
Central Budget Provisions,Central Agency,Infrastructure provisions,Health services,Health,0,"1,348","2,073","1,176",0,"4,597"
Central Budget Provisions,Central Agency,Infrastructure provisions,Public housing,Housing and home,0,"22,544","22,419","32,452",0,"77,415"
Central Budget Provisions,Central Agency,Infrastructure provisions,Community services,Identity and belonging,0,"9,405","4,000",0,0,"13,405"
Central Budget Provisions,Central Agency,Infrastructure provisions,Environment and climate,More services for our suburbs,0,0,627,816,0,"1,443"
Central Budget Provisions,Central Agency,Infrastructure provisions,Urban infrastructure,Safety,0,"1,432","4,300","23,634","11,730","41,096"
Central Budget Provisions,Central Agency,Infrastructure provisions,Economic growth,Social connection,0,"6,500","6,500","1,500",0,"14,500"
Central Budget Provisions,Central Agency,Infrastructure provisions,Major roads,Time,0,0,"3,950","22,690","47,050","73,690"
Child and Youth Record Information System completion,Community Services Directorate,Works-in-progress,Community services,Governance and institution,602,0,0,0,0,602
Children and Young People Equipment Loan Service,Community Services Directorate,New Works,Community services,Health,207,0,0,0,0,207
CIT Plant & Equipment & IT Infrastructure,Canberra Institute of Technology,Works-in-progress,Education,Education and life-long learning,"1,257","1,257","1,257","1,257","1,257","6,285"
CIT Woden Campus and Bus Interchange,Major Projects Canberra,Works-in-progress,Education,Education and life-long learning,"27,521","105,789","117,688","30,296",0,"281,294"
Civic to Gungahlin Corridor Improvements,Transport Canberra and City Services Directorate,Works-in-progress,Urban infrastructure,Access and connectivity,17,0,0,0,0,17
Cladding Rectification Scheme - ACT Government Buildings,Major Projects Canberra,Works-in-progress,Urban infrastructure,Safety,"7,053","7,483",0,0,0,"14,536"
Cladding Rectification Scheme - Non-Government Buildings - Phase 1,Major Projects Canberra,New Works,Urban infrastructure,Safety,"1,244","1,826",0,0,0,"3,070"
"Clean Catchments, Clean Waterways","Environment, Planning and Sustainable Development Directorate",Works-in-progress,Environment and climate,Environment and climate,"1,192",0,0,0,0,"1,192"
Clinical Services and Inpatient Unit Design and Infrastructure Expansion,Canberra Health Services,Works-in-progress,Health services,Health,74,0,0,0,0,74
Clinical Services and Inpatient Unit Design and Infrastructure Expansion,Canberra Health Services,Works-in-progress,Health services,Health,800,0,0,0,0,800
Clinical Services Redevelopment - Phase 2,Canberra Health Services,Works-in-progress,Health services,Health,208,0,0,0,0,208
Clinical Services Redevelopment - Phase 3,Canberra Health Services,Works-in-progress,Health services,Health,237,0,0,0,0,237
Combating Climate Change - Zero Emissions Vehicles,"Environment, Planning and Sustainable Development Directorate",Works-in-progress,Environment and climate,Environment and climate,186,0,0,0,0,186
Community and Social Housing & National Affordable Housing Agreement Funding,Housing ACT,Works-in-progress,Public housing,Housing and home,"5,000","5,000","5,000","5,000","5,000","25,000"
"Community, Health and Hospitals Program - ACT Initiatives (Cth Contribution)",ACT Health Directorate,Works-in-progress,Health services,Health,658,"14,942","1,500",0,0,"17,100"
"Community, Health and Hospitals Program - ACT Initiatives (Cth Contribution)",Canberra Health Services,Works-in-progress,Health services,Health,"9,768",0,0,0,0,"9,768"
Connected and sustainable Canberra - Active travel investments,Transport Canberra and City Services Directorate,New Works,Public transport and active travel,Access and connectivity,116,"2,484","5,000","3,270",0,"10,870"
Connected and sustainable Canberra - Active travel investments,Transport Canberra and City Services Directorate,Better Infrastructure Fund,Public transport and active travel,Access and connectivity,"1,750","1,750","1,500","1,500",0,"6,500"
Connected and sustainable Canberra - Constructing the William Hovell Drive duplication (ACT contribution),Transport Canberra and City Services Directorate,New Works,Major roads,Access and connectivity,0,"3,700","4,500","28,550",0,"36,750"
Connected and sustainable Canberra - Monaro Highway upgrades,Transport Canberra and City Services Directorate,New Works,Major roads,Access and connectivity,"3,000","10,000","22,500","27,500","17,050","80,050"
Connected and sustainable Canberra - Parkes Way/Coranderrk St intersection,Transport Canberra and City Services Directorate,New Works,Major roads,Access and connectivity,"1,924",930,0,0,0,"2,854"
Connected and sustainable Canberra - Upgrades for Pialligo (ACT contribution),Transport Canberra and City Services Directorate,New Works,Urban roads,Safety,300,"1,040",0,160,0,"1,500"
Connected and sustainable Canberra - Upgrades for Pialligo (ACT contribution),Transport Canberra and City Services Directorate,Better Infrastructure Fund,Urban roads,Access and connectivity,0,0,"1,000",0,0,"1,000"
Continuity of Health Services Plan - Essential Infrastructure,Canberra Health Services,Works-in-progress,Health services,Health,35,0,0,0,0,35
Contraband Detection and Intelligence Solution,Justice and Community Safety Directorate,Works-in-progress,Community services,Safety,604,0,0,0,0,604
Coombs Community Facility,"Chief Minister, Treasury and Economic Development Directorate",New Works,Urban infrastructure,Social connection,100,0,0,0,0,100
Courts Public Private Partnership,Justice and Community Safety Directorate,Works-in-progress,Community services,Safety,-119,0,0,0,0,-119
Courts Public Private Partnership (PPP)- (Formerly called ACT Court Facilities Early Works Package),Justice and Community Safety Directorate,Works-in-progress,Community services,Governance and institution,281,419,0,56,56,812
COVID-19 Public Health Response,ACT Health Directorate,Works-in-progress,Health services,Health,"4,018",0,0,0,0,"4,018"
Creating a Reintegration Centre to support pathways out of the justice system,Justice and Community Safety Directorate,Works-in-progress,Community services,Safety,57,0,0,0,0,57
Data Storage Infrastructure,"Chief Minister, Treasury and Economic Development Directorate",Works-in-progress,Economic growth,Governance and institution,"3,400",0,0,0,0,"3,400"
Data System to support Death Review,Community Services Directorate,Works-in-progress,Community services,Governance and institution,200,0,0,0,0,200
Deliver a purpose-built facility with the Gugan Gulwan Youth Aboriginal Corporation,Community Services Directorate,New Works,Community services,Identity and belonging,"2,000",0,0,0,0,"2,000"
Delivering a new high school at East Gungahlin,Transport Canberra and City Services Directorate,Works-in-progress,Education,Education and life-long learning,499,0,0,0,0,499
Delivering a new primary school at Throsby,Education Directorate,Works-in-progress,Education,Education and life-long learning,"17,000","9,881",500,0,0,"27,381"
Delivering a smart technology ticketing system for Canberra's integrated public transport system,Transport Canberra and City Services Directorate,Works-in-progress,Public transport and active travel,Access and connectivity,500,"18,923","18,523",0,0,"37,946"
Delivering a smart technology ticketing system for Canberra's integrated public transport system,Transport Canberra and City Services Directorate,Works-in-progress,Public transport and active travel,Access and connectivity,0,0,"2,428",0,0,"2,428"
Delivering better community facilities for Woden Town Centre,"Environment, Planning and Sustainable Development Directorate",Works-in-progress,Urban infrastructure,Social connection,"1,075",0,0,0,0,"1,075"
Delivering better facilities for ACT Policing,Justice and Community Safety Directorate,Works-in-progress,Community services,Safety,"2,766","2,708","1,650",0,0,"7,124"
Delivering energy-efficient heating upgrades for ACT public schools,Education Directorate,Works-in-progress,Education,Education and life-long learning,"3,989","9,901",0,0,0,"13,890"
Delivering graduated licensing to reduce road deaths and accidents,"Chief Minister, Treasury and Economic Development Directorate",Works-in-progress,Economic growth,Economy,17,0,0,0,0,17
Delivering secure local jobs for school cleaners,Education Directorate,Works-in-progress,Education,Education and life-long learning,292,0,0,0,0,292
Delivering the Canberra Hospital Expansion,Major Projects Canberra,Works-in-progress,Health services,Health,"95,726","221,424","214,907","16,949",0,"549,006"
Delivering the Home of Football at Throsby,"Chief Minister, Treasury and Economic Development Directorate",Works-in-progress,Economic growth,Social connection,150,"12,350","7,160",0,0,"19,660"
Delivering the Inner North Walk in Centre,Canberra Health Services,Works-in-progress,Health services,Health,153,0,0,0,0,153
Digital Canberra - New digital radio communication system,Justice and Community Safety Directorate,Works-in-progress,Community services,Safety,38,0,0,0,0,38
Digitising Government services,"Chief Minister, Treasury and Economic Development Directorate",New Works,Community services,Access and connectivity,"8,502",0,0,0,0,"8,502"
Digitising Government services,"Chief Minister, Treasury and Economic Development Directorate",New Works,Community services,Access and connectivity,360,"1,742","1,360",0,0,"3,462"
Early design works for a new RSPCA facility,Transport Canberra and City Services Directorate,New Works,Community services,Safety,100,928,0,0,0,"1,028"
Early Planning for community infrastructure and upgrades,Transport Canberra and City Services Directorate,Works-in-progress,Urban infrastructure,Access and connectivity,"1,724",0,0,0,0,"1,724"
East Gungahlin High School,Education Directorate,Works-in-progress,Education,Education and life-long learning,"7,000","59,067","18,641",0,0,"84,708"
East Lake urban renewal - Site investigations and planning,"Environment, Planning and Sustainable Development Directorate",New Works,Urban infrastructure,Environment and climate,"1,036",779,296,28,0,"2,139"
Climate action – Woden Bus Depot Electrification,Transport Canberra and City Services Directorate,New Works,Environment and climate,Environment and climate,0,"7,000","6,035",0,0,"13,035"
Emergency Services Agency Critical ICT Investment,Justice and Community Safety Directorate,Works-in-progress,Community services,Safety,510,0,0,0,0,510
Emergency Services Agency Station Upgrade and Relocation - Aranda station,Justice and Community Safety Directorate,Works-in-progress,Community services,Safety,85,0,0,0,0,85
Enhancement of library collections,Transport Canberra and City Services Directorate,Works-in-progress,Community services,Education and life-long learning,"2,789","2,063","2,063","2,063","2,063","11,041"
Ensuring uninterrupted power supply to traffic lights (ACT contribution),Transport Canberra and City Services Directorate,Works-in-progress,Urban roads,Safety,75,125,238,0,0,438
Ensuring uninterrupted power supply to traffic lights (Cth contribution),Transport Canberra and City Services Directorate,Works-in-progress,Urban roads,Safety,238,125,75,0,0,438
Environmental Offsets and Franklin Nature Reserve Enhancement - Stage 2,"Environment, Planning and Sustainable Development Directorate",New Works,Environment and climate,Environment and climate,310,"2,529",147,69,0,"3,055"
EPSDD 2018-19 BIF,"Environment, Planning and Sustainable Development Directorate",Better Infrastructure Fund,Environment and climate,Access and connectivity,"1,602","1,104","1,131","1,160","1,189","6,186"
ESA - Station Relocation and Upgrade - Phase 2 Due Diligence,Justice and Community Safety Directorate,Works-in-progress,Community services,Safety,257,0,0,0,0,257
"ESA - Urban Search and Rescue and Chemical, Biological, Radiological and Nuclear Equipment Replacement",Justice and Community Safety Directorate,Works-in-progress,Community services,Safety,161,261,111,111,111,755
ESA Vehicle Replacement Program,Justice and Community Safety Directorate,Works-in-progress,Community services,Safety,"4,375","3,680",926,"2,011","2,011","13,003"
Exhibition Park redevelopment and expansion,"Chief Minister, Treasury and Economic Development Directorate",New Works,Urban infrastructure,Economy,0,520,0,0,0,520
Expanded COVID-19 Vaccination program,ACT Health Directorate,New Works,Health services,Health,480,0,0,0,0,480
Expanded facilities for Gungahlin College,Education Directorate,Works-in-progress,Education,Education and life-long learning,7,0,0,0,0,7
Expanding Franklin Early Childhood School,Education Directorate,Works-in-progress,Education,Education and life-long learning,"10,000","4,190",0,0,0,"14,190"
Expanding Healthy Waterways,"Environment, Planning and Sustainable Development Directorate",New Works,Environment and climate,Environment and climate,"1,590",0,0,0,0,"1,590"
Expanding pharmacy services at The Canberra Hospital,Canberra Health Services,Works-in-progress,Health services,Health,244,"4,771",0,0,0,"5,015"
Expanding the Centenary Hospital for Women and Children,Canberra Health Services,Works-in-progress,Health services,Health,"19,698","16,435",0,0,0,"36,133"
Expansion of CIT Fyshwick campus,Canberra Institute of Technology,Works-in-progress,Education,Education and life-long learning,608,0,0,0,0,608
Expansion of Clare Holland House (Cth contribution),ACT Health Directorate,Works-in-progress,Health services,Health,"1,002",0,0,0,0,"1,002"
Fast Track Phase 3 - ACT Health,ACT Health Directorate,Better Infrastructure Fund,Health services,Health,365,0,0,0,0,365
Fast Track Phase 3 - CHS,Canberra Health Services,Better Infrastructure Fund,Health services,Health,405,0,0,0,0,405
Fast Track Phase 3 - CSD,Community Services Directorate,Better Infrastructure Fund,Public housing,Housing and home,200,0,0,0,0,200
Fast Track Phase 3 - EDU,Education Directorate,Better Infrastructure Fund,Education,Education and life-long learning,"4,597",0,0,0,0,"4,597"
Fast Track Phase 3 - EPSDD,"Environment, Planning and Sustainable Development Directorate",Better Infrastructure Fund,Environment and climate,Economy,600,0,0,0,0,600
Fast Track Phase 3 - JACS,Justice and Community Safety Directorate,Better Infrastructure Fund,Community services,Safety,556,0,0,0,0,556
Fast Track Phase 3 - TCCS,Transport Canberra and City Services Directorate,New Works,Urban infrastructure,Economy,"1,850",0,0,0,0,"1,850"
Fast Track Program - Phase 3,"Chief Minister, Treasury and Economic Development Directorate",Better Infrastructure Fund,Economic growth,Economy,"1,466",0,0,0,0,"1,466"
Fast-Track Phase 3 - Housing ACT,Community Services Directorate,Better Infrastructure Fund,Public housing,Housing and home,876,0,0,0,0,876
Feasibility and design studies for community infrastructure and upgrade,"Chief Minister, Treasury and Economic Development Directorate",New Works,Urban infrastructure,Access and connectivity,350,166,0,0,0,516
Feasibility and design studies for community infrastructure and upgrade,"Environment, Planning and Sustainable Development Directorate",New Works,Urban infrastructure,Access and connectivity,150,150,0,0,0,300
Feasibility and infrastructure planning for future Molonglo land releases,"Environment, Planning and Sustainable Development Directorate",Works-in-progress,Economic growth,Economy,854,0,0,0,0,854
Feasibility studies - duplication of Tharwa Drive and extension of Nudurr Drive,Transport Canberra and City Services Directorate,Works-in-progress,Public transport and active travel,Time,20,0,0,0,0,20
Fishing and Camping Facilities Program,"Environment, Planning and Sustainable Development Directorate",Works-in-progress,Urban infrastructure,Social connection,151,71,0,0,0,222
Food organics and garden organics - waste recovery facility,Transport Canberra and City Services Directorate,New Works,Environment and climate,Environment and climate,200,500,0,0,0,700
Former Transport Depot - Lead Dust Remediation,"Chief Minister, Treasury and Economic Development Directorate",New Works,Urban infrastructure,Safety,"1,100",200,0,0,0,"1,300"
Former West Belconnen ACT Fire & Rescue Station (Charnwood site) offsite requirements - Phase 2,Justice and Community Safety Directorate,New Works,Community services,Environment and climate,-92,"1,008",0,0,0,916
Future Bus Network,Transport Canberra and City Services Directorate,Works-in-progress,Public transport and active travel,Access and connectivity,"3,206",0,0,0,0,"3,206"
Galambany Circle Sentencing Court upgrades,Justice and Community Safety Directorate,New Works,Community services,Identity and belonging,714,0,0,0,0,714
Goliath Court Flood Mitigation (Cth contribution),Transport Canberra and City Services Directorate,New Works,Environment and climate,Safety,500,720,0,0,0,"1,220"
Government Budget Management System,"Chief Minister, Treasury and Economic Development Directorate",Works-in-progress,Economic growth,Governance and institution,650,"1,715",0,0,0,"2,365"
Government Office Projects: Workplace Transition,"Chief Minister, Treasury and Economic Development Directorate",Works-in-progress,Economic growth,Economy,"2,753",0,0,0,0,"2,753"
Green Waste Rollout,Transport Canberra and City Services Directorate,Works-in-progress,Environment and climate,Environment and climate,308,0,0,0,0,308
Growing and renewing public housing - Securing high quality public housing,Housing ACT,New Works,Public housing,Housing and home,"40,000","20,000","20,000",0,0,"80,000"
Growing and Renewing Public Housing program - Year 3,Housing ACT,New Works,Public housing,Housing and home,"21,760",0,0,0,0,"21,760"
Growing investment in services for our suburbs,Transport Canberra and City Services Directorate,Works-in-progress,Urban infrastructure,Access and connectivity,791,648,0,0,0,"1,439"
Growing the public transport network,Transport Canberra and City Services Directorate,New Works,Public transport and active travel,Access and connectivity,0,"1,800",0,0,0,"1,800"
Gungahlin Common Ground Build to Rent - Design,"Environment, Planning and Sustainable Development Directorate",New Works,Public housing,Housing and home,30,410,0,0,0,440
Gungahlin Common Ground Build to Rent - Early Planning,"Environment, Planning and Sustainable Development Directorate",New Works,Public housing,Housing and home,200,0,0,0,0,200
Gungahlin District Tennis Centre - Design,"Chief Minister, Treasury and Economic Development Directorate",Works-in-progress,Urban infrastructure,Social connection,10,478,0,0,0,488
Health Innovation Fund (Cth contribution),Canberra Health Services,Works-in-progress,Health services,Health,"5,922",0,0,0,0,"5,922"
Heavy Vehicle Safety and Productivity (ACT contribution),Transport Canberra and City Services Directorate,Works-in-progress,Major roads,Safety,"1,805",0,0,0,0,"1,805"
Household Organics Waste Collections,Transport Canberra and City Services Directorate,New Works,Environment and climate,Environment and climate,159,3,3,0,0,165
ICT Equipment Purchase Funding,"Chief Minister, Treasury and Economic Development Directorate",Works-in-progress,Economic growth,Governance and institution,0,0,0,0,"1,000","1,000"
Imaging services at the Weston Creek Walk-in Centre,Canberra Health Services,Works-in-progress,Health services,Health,863,"4,807",0,0,0,"5,670"
Implementing real time prescription monitoring,ACT Health Directorate,Works-in-progress,Health services,Health,615,947,0,0,0,"1,562"
Improved Infrastructure for Acute Aged Care and Cancer Inpatients,Canberra Health Services,Works-in-progress,Health services,Health,"1,023",0,0,0,0,"1,023"
Improvements to the Canberra Museum and Gallery and the North Building,"Chief Minister, Treasury and Economic Development Directorate",New Works,Urban infrastructure,Environment and climate,120,623,624,0,0,"1,367"
Improving and upgrading government accommodation,"Chief Minister, Treasury and Economic Development Directorate",New Works,Urban infrastructure,Access and connectivity,"1,128","3,384",0,0,0,"4,512"
Improving Canberra's health infrastructure - A new carpark at Canberra Hospital,ACT Health Directorate,New Works,Health services,Health,300,"2,700",0,0,0,"3,000"
Improving Canberra's health infrastructure - Calvary critical infrastructure,ACT Health Directorate,New Works,Health services,Health,"8,323","10,493","1,000",0,0,"19,816"
Improving Canberra's health infrastructure - Calvary critical infrastructure,Canberra Health Services,New Works,Health services,Health,100,"5,690","4,700",0,0,"10,490"
Improving Canberra's health infrastructure - Cancer Research Centre,Canberra Health Services,New Works,Health services,Health,169,"6,876",0,0,0,"7,045"
Improving Canberra's health infrastructure - Northside hospital development,ACT Health Directorate,New Works,Health services,Health,"2,676","7,870",0,0,0,"10,546"
Improving Canberra's health infrastructure - Northside hospital development,Major Projects Canberra,New Works,Health services,Health,"1,334","1,641",0,0,0,"2,975"
Improving infrastructure and wellbeing at the Alexander Maconochie Centre,Justice and Community Safety Directorate,New Works,Community services,Safety,450,0,0,0,0,450
Improving online lodgement for development applications,"Environment, Planning and Sustainable Development Directorate",Works-in-progress,Economic growth,Governance and institution,600,0,0,0,0,600
Improving Our Suburbs - New Molonglo Valley Infrastructure,Transport Canberra and City Services Directorate,Works-in-progress,Urban infrastructure,Access and connectivity,146,0,0,0,0,146
Improving Road Safety - Traffic camera adjudication system upgrades,"Chief Minister, Treasury and Economic Development Directorate",Works-in-progress,Urban roads,Governance and institution,31,0,0,0,0,31
Improving safety at Bimberi Youth Justice Centre,Community Services Directorate,New Works,Community services,Safety,315,0,0,0,0,315
Improving stormwater networks,Transport Canberra and City Services Directorate,Works-in-progress,Urban infrastructure,Environment and climate,"9,315","3,045",0,0,0,"12,360"
Improving the probate system in the ACT,Justice and Community Safety Directorate,New Works,Community services,Access and connectivity,72,0,0,0,0,72
Improving water management infrastructure,Transport Canberra and City Services Directorate,Works-in-progress,Environment and climate,Environment and climate,208,50,0,0,0,258
Improving water quality in Lake Tuggeranong,"Environment, Planning and Sustainable Development Directorate",Works-in-progress,Environment and climate,Environment and climate,571,215,0,0,0,786
Independent facilitation of a Restorative Coronial Reform process,Justice and Community Safety Directorate,New Works,Community services,Governance and institution,330,0,0,0,0,330
Infrastructure Investment Program - Black Spot Projects,Transport Canberra and City Services Directorate,Works-in-progress,Major roads,Safety,115,"2,420","2,260","2,260","1,529","8,584"
Infrastructure Investment Program -/ Bridges Renewal Program,Transport Canberra and City Services Directorate,Works-in-progress,Major roads,Access and connectivity,"2,474","1,060","1,100",830,826,"6,290"
Infrastructure Investment Program -/ Heavy Vehicle Safety and Productivity,Transport Canberra and City Services Directorate,Works-in-progress,Major roads,Safety,690,440,"2,140","1,460","1,459","6,189"
Infrastructure Investment Program -/ Road Investment Component – Capital,Transport Canberra and City Services Directorate,Works-in-progress,Major roads,Access and connectivity,"10,727","23,993","26,000",0,"-7,812","52,908"
Infrastructure Investment Program -/ Roads to Recovery,Transport Canberra and City Services Directorate,Works-in-progress,Major roads,Access and connectivity,"10,210","7,970","5,720","7,970","7,969","39,839"
Integrated Service Response Program,Community Services Directorate,New Works,Community services,Housing and home,60,0,0,0,0,60
Intelligent transport systems to better manage traffic congestion,Transport Canberra and City Services Directorate,New Works,Public transport and active travel,Access and connectivity,600,600,0,0,0,"1,200"
Intersection Upgrades -  Belconnen way interestion with Springvale Drive (ACT contribution),Transport Canberra and City Services Directorate,Works-in-progress,Major roads,Safety,307,443,0,0,0,750
Intersection Upgrades -  Launceston Street interestion with Irving Street (ACT contribution),Transport Canberra and City Services Directorate,Works-in-progress,Major roads,Safety,227,0,0,0,0,227
Intersection Upgrades -  Launceston Street intersection with Irving Street (Cth contribution),Transport Canberra and City Services Directorate,Works-in-progress,Major roads,Safety,716,0,0,0,0,716
Intersection Upgrades - Kuringa Drive interestion with Owen Dixon (ACT contribution),Transport Canberra and City Services Directorate,Works-in-progress,Major roads,Safety,900,"1,871",0,0,0,"2,771"
Intersection Upgrades - Southern Cross Drive intersection with Starke Street (ACT contribution),Transport Canberra and City Services Directorate,Works-in-progress,Major roads,Safety,129,"1,621",0,0,0,"1,750"
Intersection Upgrades - Southern Cross Drive intersection with Starke Street (Cth contribution),Transport Canberra and City Services Directorate,Works-in-progress,Major roads,Safety,790,0,0,0,0,790
Investing in public education - Digital access and equity,Education Directorate,New Works,Education,Education and life-long learning,"4,131","4,413","4,713","5,033","5,033","23,323"
Investing in public education - Essential ICT systems upgrades and modifications,Education Directorate,New Works,Education,Education and life-long learning,400,0,0,0,0,400
Investing in public health care - Expanding endoscopy services,Canberra Health Services,New Works,Health services,Health,175,650,0,0,0,825
Investment in Maintenance of School Infrastructure,Education Directorate,Better Infrastructure Fund,Education,Education and life-long learning,"16,486","16,898","17,320","17,753","17,753","86,210"
John Gorton Drive and Molonglo River Bridge Crossing (ACT contribution),Transport Canberra and City Services Directorate,Works-in-progress,Urban infrastructure,Time,300,"13,313","20,000","54,700",0,"88,313"
John Gorton Drive and Molonglo River Bridge Crossing (Cth contribution),Transport Canberra and City Services Directorate,Works-in-progress,Urban infrastructure,Time,300,"13,473","20,000","53,500",0,"87,273"
Keeping our growing city moving - Better infrastructure for active travel,Transport Canberra and City Services Directorate,Works-in-progress,Public transport and active travel,Access and connectivity,"3,359",800,0,0,0,"4,159"
Keeping our growing city moving - Canberra Brickworks Precinct - environmental offsets,Transport Canberra and City Services Directorate,Works-in-progress,Urban roads,Environment and climate,295,9,0,0,0,304
Keeping our growing city moving - John Gorton Drive and Molonglo River Bridge Crossing - Early design,Transport Canberra and City Services Directorate,Works-in-progress,Major roads,Time,155,305,0,0,0,460
Keeping our growing city moving - Monaro Highway upgrade,Transport Canberra and City Services Directorate,Works-in-progress,Major roads,Time,171,0,0,0,0,171
Keeping our growing city moving - Safer intersections,Transport Canberra and City Services Directorate,Works-in-progress,Major roads,Safety,187,0,0,0,0,187
Learning Management System,"Chief Minister, Treasury and Economic Development Directorate",Works-in-progress,Economic growth,Governance and institution,313,0,0,0,0,313
Light Rail Stage 2 and associated enabling works (including raising London Circuit),Major Projects Canberra,Works-in-progress,Public transport and active travel,Access and connectivity,"51,712","2,000",0,0,0,"53,712"
Light Rail Stage 2 and raising London Circuit,Major Projects Canberra,Works-in-progress,Public transport and active travel,Access and connectivity,"20,000",0,0,0,0,"20,000"
Local Roads and Community Infrastructure Program,City Renewal Authority,Works-in-progress,Major roads,Access and connectivity,709,0,0,0,0,709
Local Roads and Community Infrastructure Program (Cth contribution),Transport Canberra and City Services Directorate,Works-in-progress,Urban roads,Access and connectivity,"5,386",0,0,0,0,"5,386"
Look and Feel of City,Transport Canberra and City Services Directorate,Works-in-progress,Urban infrastructure,Economy,"1,908",0,0,0,0,"1,908"
Maintaining accountability and transparency of government,ACT Integrity Commission,New Works,Community services,Governance and institution,390,731,0,0,0,"1,121"
Maintaining Systems Supporting Practice (CYRIS),Community Services Directorate,Works-in-progress,Community services,Governance and institution,797,0,0,0,0,797
Maintenance and Upgrade Program for Social Housing,Housing ACT,Works-in-progress,Public housing,Housing and home,"7,600",0,0,0,0,"7,600"
Making our roads safer while keeping Canberra moving,Transport Canberra and City Services Directorate,Works-in-progress,Major roads,Safety,"1,583","5,442","6,689","2,500",0,"16,214"
Management and remediation of firefighting substances at the stations,Justice and Community Safety Directorate,Works-in-progress,Community services,Safety,"1,292",797,0,0,0,"2,089"
Materials Recovery Facility Expansion,Transport Canberra and City Services Directorate,Works-in-progress,Environment and climate,Environment and climate,23,"2,721","3,000",0,0,"5,744"
Mawson Stormwater and Place Making Improvements (ACT contribution),Transport Canberra and City Services Directorate,New Works,Urban infrastructure,Safety,0,"1,010",0,0,0,"1,010"
Mawson Stormwater and Place Making Improvements (Cth contribution),Transport Canberra and City Services Directorate,New Works,Urban infrastructure,Safety,"1,110","1,010",0,0,0,"2,120"
Medical Warehouse Relocation,Canberra Health Services,New Works,Health services,Health,767,500,0,0,0,"1,267"
Meeting future ACT Government accommodation needs,"Chief Minister, Treasury and Economic Development Directorate",Works-in-progress,Economic growth,Economy,"14,933","7,421",0,0,0,"22,354"
Modernisation of Woden Primary Schools - Modernising Garran Primary School,Education Directorate,New Works,Education,Education and life-long learning,0,"5,200","10,400","26,000","20,800","62,400"
Modular Learning Centres,Education Directorate,Works-in-progress,Education,Education and life-long learning,"4,204",0,0,0,0,"4,204"
Monaro Highway Upgrade (Cth contribution),Transport Canberra and City Services Directorate,New Works,Major roads,Access and connectivity,0,"5,000","22,500","27,500","25,050","80,050"
More ACT Fire and Rescue Staff and Construction of Acton Station,Justice and Community Safety Directorate,Works-in-progress,Community services,Safety,"1,312","15,641","23,444",0,0,"40,397"
More active travel infrastructure for our schools and suburbs,Transport Canberra and City Services Directorate,Works-in-progress,Public transport and active travel,Access and connectivity,248,0,0,0,0,248
More alcohol and other drug services - Watson Health Precinct redevelopment,ACT Health Directorate,New Works,Health services,Health,550,0,0,0,0,550
More and better jobs - Data analytics for smarter policy,"Chief Minister, Treasury and Economic Development Directorate",Works-in-progress,Economic growth,Governance and institution,347,0,0,0,0,347
More and better jobs - Expanding Belconnen Arts Centre,"Chief Minister, Treasury and Economic Development Directorate",Works-in-progress,Economic growth,Social connection,624,0,0,0,0,624
More and better jobs - Improving arts facilities,"Chief Minister, Treasury and Economic Development Directorate",Better Infrastructure Fund,Community services,Social connection,564,0,0,0,0,564
More and better jobs - Modernising government ICT infrastructure,"Chief Minister, Treasury and Economic Development Directorate",Works-in-progress,Economic growth,Governance and institution,"2,698",0,0,0,0,"2,698"
More carparks for Palmerston Shops and Cooleman Court,Transport Canberra and City Services Directorate,Works-in-progress,Urban infrastructure,Access and connectivity,394,0,0,0,0,394
More energy efficient Government accommodation,"Chief Minister, Treasury and Economic Development Directorate",New Works,Environment and climate,Environment and climate,"1,861","3,768","4,722","4,901",0,"15,252"
More facilities for Stromlo Forest Park,"Chief Minister, Treasury and Economic Development Directorate",Works-in-progress,Urban infrastructure,Social connection,30,84,0,0,0,114
More jobs for our growing city - Better arts facilities,"Chief Minister, Treasury and Economic Development Directorate",Works-in-progress,Economic growth,Social connection,68,0,0,0,0,68
More jobs for our growing city - Better facilities for Manuka Oval,"Chief Minister, Treasury and Economic Development Directorate",Works-in-progress,Economic growth,Social connection,320,27,55,0,0,402
More jobs for our growing city - Better town centres,Transport Canberra and City Services Directorate,Works-in-progress,Urban infrastructure,Economy,207,0,0,0,0,207
More jobs for our growing city - City Renewal Precinct activation projects,City Renewal Authority,Works-in-progress,Economic growth,Identity and belonging,"1,780",0,0,0,0,"1,780"
More jobs for our growing city - Delivering a new nature reserve in the Molonglo Valley - NES Plan Implementation Stage 3,"Environment, Planning and Sustainable Development Directorate",Works-in-progress,Environment and climate,Environment and climate,523,0,0,0,0,523
More jobs for our growing city - Government facilities upgrade,"Chief Minister, Treasury and Economic Development Directorate",Works-in-progress,Environment and climate,Economy,245,0,0,0,0,245
More jobs for our growing city - New Canberra Theatre Complex - Early planning,"Chief Minister, Treasury and Economic Development Directorate",Works-in-progress,Economic growth,Social connection,70,0,0,0,0,70
More jobs for our growing city - Upgrading the Canberra Theatre Centre,Cultural Facilities Corporation,Works-in-progress,Economic growth,Social connection,110,0,0,0,0,110
More mental health services at The Canberra Hospital,Canberra Health Services,Works-in-progress,Health services,Health,"2,015",0,0,0,0,"2,015"
More places for students at Gold Creek School’s senior campus,Education Directorate,Works-in-progress,Education,Education and life-long learning,"3,678","1,898",0,0,0,"5,576"
More places for students at northside schools,Education Directorate,Works-in-progress,Education,Education and life-long learning,704,"2,453",0,0,0,"3,157"
More public medical imaging services for Canberra Hospital,Canberra Health Services,Works-in-progress,Health services,Health,"1,614","2,177","1,900",0,0,"5,691"
"More schools, better schools - Campbell Primary School Modernisation",Education Directorate,Works-in-progress,Education,Education and life-long learning,"10,819","3,512",0,0,0,"14,331"
"More schools, better schools - Delivering Molonglo P-10",Education Directorate,Works-in-progress,Education,Education and life-long learning,"14,000",40,0,0,0,"14,040"
"More schools, better schools - More places at Gungahlin schools",Education Directorate,Works-in-progress,Education,Education and life-long learning,"1,967",0,0,0,0,"1,967"
"More schools, better schools - Narrabundah College redevelopment - early planning and design",Education Directorate,Works-in-progress,Education,Education and life-long learning,430,0,0,0,0,430
"More schools, better schools - Roof Replacement Program",Education Directorate,Works-in-progress,Education,Education and life-long learning,"2,708",500,0,0,0,"3,208"
More services for our suburbs - Better waste management,Transport Canberra and City Services Directorate,Works-in-progress,Environment and climate,Environment and climate,"1,150",0,0,0,0,"1,150"
More services for our suburbs - Bringing Woden Town Square to life,Transport Canberra and City Services Directorate,Works-in-progress,Urban infrastructure,Economy,464,0,0,0,0,464
More services for our suburbs - Enhancing our bushfire preparedness,Justice and Community Safety Directorate,Works-in-progress,Community services,Safety,126,15,0,0,0,141
More services for our suburbs - Improved energy efficiency for public housing,Housing ACT,Works-in-progress,Public housing,Housing and home,70,0,0,0,0,70
More services for our suburbs - More paramedics and ambulances,Justice and Community Safety Directorate,Works-in-progress,Community services,Safety,32,0,0,0,0,32
More services for our suburbs - More trees,Transport Canberra and City Services Directorate,Works-in-progress,Environment and climate,Environment and climate,26,0,0,0,0,26
More services for our suburbs - Parkwood estate rehabilitation,Transport Canberra and City Services Directorate,Works-in-progress,Environment and climate,Environment and climate,788,"3,550",0,0,0,"4,338"
More services for our suburbs - Southern Memorial Park Detailed Design,Transport Canberra and City Services Directorate,Works-in-progress,Community services,Access and connectivity,384,700,800,0,0,"1,884"
More services for our suburbs - Upgrading the Old Kingston Bus Depot,"Chief Minister, Treasury and Economic Development Directorate",Works-in-progress,Urban infrastructure,Access and connectivity,755,0,0,0,0,755
More support for families and inclusion - Better housing for Aboriginal and Torres Strait Islander older people,Housing ACT,Works-in-progress,Public housing,Housing and home,"1,665",0,0,0,0,"1,665"
More support for families and inclusion - Commencing operations of the Drug and Alcohol Court,Justice and Community Safety Directorate,Works-in-progress,Community services,Safety,591,0,0,0,0,591
More support for families and inclusion - Design and planning for the Alexander Maconochie Transitional Release Centre expansion,Justice and Community Safety Directorate,Works-in-progress,Community services,Safety,5,0,0,0,0,5
More support for families and inclusion - Keeping Canberrans safe in public places,Justice and Community Safety Directorate,Works-in-progress,Community services,Safety,187,0,0,0,0,187
More support for families and inclusion - Keeping Canberrans safe in public places,Transport Canberra and City Services Directorate,Works-in-progress,Community services,Safety,17,0,0,0,0,17
More support for families and inclusion - More resources for the Director of Public Prosecutions,Justice and Community Safety Directorate,Works-in-progress,Community services,Governance and institution,35,0,0,0,0,35
More support for families and inclusion - New aerial pumper for ACT Fire and Rescue,Justice and Community Safety Directorate,Works-in-progress,Community services,Safety,187,0,0,0,0,187
More support for families and inclusion - Providing safe alternatives to remand,Justice and Community Safety Directorate,Better Infrastructure Fund,Community services,Safety,"2,476","2,052","2,052","2,052","2,052","10,684"
More support for families and inclusion - Providing safe alternatives to remand,Justice and Community Safety Directorate,Works-in-progress,Community services,Safety,187,0,0,0,0,187
More support for the Gungahlin Leisure Centre,"Chief Minister, Treasury and Economic Development Directorate",New Works,Urban infrastructure,Health,360,0,0,0,0,360
More teaching and learning spaces for CIT Fyshwick,Canberra Institute of Technology,Works-in-progress,Education,Education and life-long learning,659,0,0,0,0,659
Moving delivery of more community services online,"Chief Minister, Treasury and Economic Development Directorate",Works-in-progress,Economic growth,Access and connectivity,"4,968",0,0,0,0,"4,968"
Moving delivery of more community services online,Community Services Directorate,Works-in-progress,Community services,Governance and institution,"1,185",0,0,0,0,"1,185"
Nara Centre Levels 1 & 2,"Chief Minister, Treasury and Economic Development Directorate",New Works,Urban infrastructure,Governance and institution,"5,200",0,0,0,0,"5,200"
National Arboretum Canberra - Second Access Road,"Chief Minister, Treasury and Economic Development Directorate",New Works,Urban roads,Access and connectivity,110,0,0,0,0,110
Network Modernisation Program,"Chief Minister, Treasury and Economic Development Directorate",New Works,Economic growth,Governance and institution,"4,810","5,620","7,030","5,340",0,"22,800"
New and Expanded schools - Strathnairn Primary School,Education Directorate,New Works,Education,Education and life-long learning,"1,000","5,200","15,600","26,000","15,600","63,400"
New and expanded schools - Future planning,Education Directorate,New Works,Education,Education and life-long learning,"4,285","4,715",0,0,0,"9,000"
New and expanded schools - Garran Primary School,Education Directorate,New Works,Education,Education and life-long learning,970,0,0,0,0,970
New and expanded schools - Increasing school capacity,Education Directorate,New Works,Education,Education and life-long learning,"19,800",0,0,0,0,"19,800"
New and expanded schools - Narrabundah College modernisation,Education Directorate,New Works,Education,Education and life-long learning,600,0,0,0,0,600
New and expanded schools - School maintenance and infrastructure upgrades,Education Directorate,Better Infrastructure Fund,Education,Education and life-long learning,"8,969","9,049","4,861","8,097","8,097","39,073"
New and expanded Schools - Narrabundah College,Education Directorate,New Works,Education,Education and life-long learning,0,"3,000","17,430","11,480",0,"31,910"
New COVID-19 and Disease Response Management System,ACT Health Directorate,Works-in-progress,Health services,Health,"3,588","3,675",0,0,0,"7,263"
New stations for ACT Ambulance Service and ACT Fire & Rescue,Justice and Community Safety Directorate,Works-in-progress,Community services,Safety,281,150,0,0,0,431
Ngunnawal Bush Healing Farm,ACT Health Directorate,Works-in-progress,Health services,Health,355,578,0,0,0,933
Northbourne Avenue Pavement - Part 1 (ACT contribution),Transport Canberra and City Services Directorate,Works-in-progress,Major roads,Safety,"3,000",0,0,0,0,"3,000"
Northbourne Avenue Pavement - Part 1 (Cth contribution),Transport Canberra and City Services Directorate,Works-in-progress,Major roads,Safety,"1,252",0,0,0,0,"1,252"
Northbourne Avenue Pavement - Part 2 (ACT contribution),Transport Canberra and City Services Directorate,Works-in-progress,Major roads,Access and connectivity,837,0,0,0,0,837
Northbourne Avenue Pavement - Part 2 (Cth contribution),Transport Canberra and City Services Directorate,Works-in-progress,Major roads,Access and connectivity,837,0,0,0,0,837
Northbourne Avenue Pavement - Part 3 (ACT contribution),Transport Canberra and City Services Directorate,Works-in-progress,Major roads,Access and connectivity,750,0,0,0,0,750
Northbourne Avenue Pavement - Part 3 (Cth contribution),Transport Canberra and City Services Directorate,Works-in-progress,Major roads,Access and connectivity,683,0,0,0,0,683
Office Accommodation,"Chief Minister, Treasury and Economic Development Directorate",Works-in-progress,Economic growth,Economy,0,500,500,500,500,"2,000"
Opioid treatment services on Canberra’s northside,Canberra Health Services,Works-in-progress,Health services,Health,-2,36,0,0,0,34
Parkes Way early works (ACT contribution),Transport Canberra and City Services Directorate,Works-in-progress,Major roads,Access and connectivity,"1,826",655,0,0,0,"2,481"
Parkes Way early works (Cth contribution),Transport Canberra and City Services Directorate,Works-in-progress,Major roads,Access and connectivity,"1,819",650,0,0,0,"2,469"
Permanent Home for Dragon Boating in the ACT,"Chief Minister, Treasury and Economic Development Directorate",New Works,Community services,Health,50,"1,250",0,0,0,"1,300"
Connected and sustainable Canberra - Upgrades for Pialligo (Cth contribution),Transport Canberra and City Services Directorate,New Works,Urban roads,Safety,0,"1,130","1,130",240,0,"2,500"
Planning and design for a zero emissions bus network,Transport Canberra and City Services Directorate,Works-in-progress,Public transport and active travel,Environment and climate,280,500,0,0,0,780
Planning better roads for our growing city,Transport Canberra and City Services Directorate,Works-in-progress,Major roads,Access and connectivity,300,284,0,0,0,584
Planning better roads for our growing city,Transport Canberra and City Services Directorate,Works-in-progress,Major roads,Access and connectivity,559,50,0,0,0,609
Planning for a permanent home for Dragon Boating,"Chief Minister, Treasury and Economic Development Directorate",Works-in-progress,Urban infrastructure,Social connection,390,0,0,0,0,390
"Planting 54,000 trees across Canberra",Transport Canberra and City Services Directorate,New Works,Environment and climate,Environment and climate,150,554,0,0,0,704
Protecting Canberra’s unique environment – Further Expanding Healthy Waterways,"Environment, Planning and Sustainable Development Directorate",New Works,Environment and climate,Environment and climate,267,"11,406",0,0,0,"11,673"
Protecting Canberra's unique environment - Upgrading the stormwater network,Transport Canberra and City Services Directorate,New Works,Urban infrastructure,Environment and climate,800,"3,780","2,000",0,0,"6,580"
Protecting Endangered Species,"Environment, Planning and Sustainable Development Directorate",Works-in-progress,Environment and climate,Environment and climate,255,0,0,0,0,255
Protecting grasslands and conservation areas,"Environment, Planning and Sustainable Development Directorate",Works-in-progress,Environment and climate,Environment and climate,270,0,0,0,0,270
Public Trading Enterprise Infrastructure Program,Cemeteries and Crematoria Authority - PTE,PTE Program,Community services,Access and connectivity,331,242,362,367,380,"1,682"
Public Trading Enterprise Infrastructure Program,City Renewal Authority - PTE,PTE Program,Economic growth,Economy,"1,360","2,438",708,0,0,"4,506"
Public Trading Enterprise Infrastructure Program,Housing ACT - PTE,PTE Program,Public housing,Housing and home,"134,483","125,556","128,981","38,239",0,"427,259"
Public Trading Enterprise Infrastructure Program,Icon Water - PTE,PTE Program,Urban infrastructure,Access and connectivity,"101,652","69,410","112,123","117,100","83,700","483,985"
Public Trading Enterprise Infrastructure Program,Suburban Land Agency - PTE,PTE Program,Economic growth,Economy,"115,922","152,123","147,103","115,459",0,"530,607"
Reducing homelessness by delivering another Common Ground,Housing ACT,Works-in-progress,Public housing,Housing and home,"19,055",0,0,0,0,"19,055"
Reducing reliance on potable water to irrigate grass,Transport Canberra and City Services Directorate,Better Infrastructure Fund,Environment and climate,Environment and climate,171,"1,661",0,0,0,"1,832"
Remediating the former Molonglo sewerage treatment facility,"Environment, Planning and Sustainable Development Directorate",Works-in-progress,Environment and climate,Environment and climate,"1,413",200,0,0,0,"1,613"
Removing hazardous materials from schools,Education Directorate,New Works,Education,Education and life-long learning,"3,750","3,750","3,750","3,750",0,"15,000"
Renewing Canberra's city heart,City Renewal Authority,Works-in-progress,Economic growth,Identity and belonging,"2,743","11,742","3,751",0,0,"18,236"
Replacing ACT Parks and Conservation Services radios,"Environment, Planning and Sustainable Development Directorate",Works-in-progress,Environment and climate,Safety,40,0,0,0,0,40
Replacing the Human Resources Information Management System,"Chief Minister, Treasury and Economic Development Directorate",Works-in-progress,Economic growth,Governance and institution,"12,928",0,0,0,0,"12,928"
Replanting the Ingledene Forest,"Environment, Planning and Sustainable Development Directorate",Works-in-progress,Environment and climate,Environment and climate,794,414,0,0,0,"1,208"
Road Median Improvement,Transport Canberra and City Services Directorate,Better Infrastructure Fund,Urban roads,Safety,465,573,675,0,0,"1,713"
Road safety improvements (ACT contribution),Transport Canberra and City Services Directorate,Works-in-progress,Major roads,Safety,"3,580","1,350",0,0,0,"4,930"
Road safety improvements (Cth contribution),Transport Canberra and City Services Directorate,Works-in-progress,Major roads,Safety,"3,572",350,0,0,0,"3,922"
Road Safety Works - Road Safety Barriers (ACT contribution),Transport Canberra and City Services Directorate,Works-in-progress,Major roads,Safety,109,0,0,0,0,109
Road Safety Works - Road Safety Barriers (Cth contribution),Transport Canberra and City Services Directorate,Works-in-progress,Major roads,Safety,109,0,0,0,0,109
Road Safety Works - Traffic Signal Uninterrupted Power Supply (ACT contribution),Transport Canberra and City Services Directorate,Works-in-progress,Major roads,Safety,106,0,0,0,0,106
Road Safety Works - Traffic Signal Uninterrupted Power Supply (Cth contribution),Transport Canberra and City Services Directorate,Works-in-progress,Major roads,Safety,106,0,0,0,0,106
Road Safety Works - Variable Speed Limit Systems (ACT contribution),Transport Canberra and City Services Directorate,Works-in-progress,Major roads,Safety,0,"1,192",0,0,0,"1,192"
Road Safety Works - Variable Speed Limit Systems (Cth contribution),Transport Canberra and City Services Directorate,Works-in-progress,Major roads,Safety,307,0,0,0,0,307
Road Transport Legislation Amendment Bill,"Chief Minister, Treasury and Economic Development Directorate",New Works,Public transport and active travel,Access and connectivity,0,108,0,0,0,108
Safer Dams and Weirs Improvement Program,Transport Canberra and City Services Directorate,Better Infrastructure Fund,Environment and climate,Safety,"1,610",0,0,0,0,"1,610"
School Staffing Integrated Management System (Design),Education Directorate,Works-in-progress,Education,Education and life-long learning,42,0,0,0,0,42
Schools for Gungahlin - Expansion of Margaret Hendry Primary School and New Taylor High School,Education Directorate,New Works,Education,Education and life-long learning,"15,520","66,260","36,220",0,0,"118,000"
Schools for our growing city - Kenny High School,Transport Canberra and City Services Directorate,Works-in-progress,Education,Education and life-long learning,"5,454","5,370","5,650",0,0,"16,474"
Schools for our growing city - North Gungahlin High School,Education Directorate,Works-in-progress,Education,Education and life-long learning,170,"1,680",0,0,0,"1,850"
Schools for our growing city - North Gungahlin Primary School capacity,Education Directorate,Works-in-progress,Education,Education and life-long learning,138,662,0,0,0,800
Schools for the Future - North Gungahlin and Molonglo,Education Directorate,Works-in-progress,Education,Education and life-long learning,12,0,0,0,0,12
Scoping for East Lake urban renewal,"Environment, Planning and Sustainable Development Directorate",Works-in-progress,Urban infrastructure,Access and connectivity,30,0,0,0,0,30
Secure Mental Health Unit,Canberra Health Services,Works-in-progress,Health services,Health,84,0,0,0,0,84
Securing Electricity Supply in the ACT - Second supply network,"Environment, Planning and Sustainable Development Directorate",Works-in-progress,Economic growth,Economy,30,0,0,0,0,30
Senior Practitioner Information Management System,Community Services Directorate,Works-in-progress,Community services,Governance and institution,18,0,0,0,0,18
Set up for Success: An Early Childhood Strategy for the ACT - Phase One,Education Directorate,New Works,Education,Education and life-long learning,200,400,0,0,0,600
Site works for Watson Section 76,"Environment, Planning and Sustainable Development Directorate",New Works,Economic growth,Housing and home,220,"3,970",0,0,0,"4,190"
Smarter Regulation - Red tape reduction,"Chief Minister, Treasury and Economic Development Directorate",Works-in-progress,Economic growth,Economy,198,0,0,0,0,198
Social cost of carbon,"Environment, Planning and Sustainable Development Directorate",Better Infrastructure Fund,Environment and climate,Environment and climate,"1,340",0,0,0,0,"1,340"
Sport and Recreation Omnibus,Transport Canberra and City Services Directorate,New Works,Urban infrastructure,Social connection,950,0,0,0,0,950
Sterilising Services - Relocation and upgrade,Canberra Health Services,Works-in-progress,Health services,Health,492,0,0,0,0,492
Strategic accommodation study for Policing,Justice and Community Safety Directorate,Works-in-progress,Community services,Safety,126,0,0,0,0,126
Streamlining the funding of Major Projects Canberra,Major Projects Canberra,Better Infrastructure Fund,Other,Economy,"3,625","3,690","3,941","4,114","4,217","19,587"
Strengthening bushfire preparedness and ACT Rural Fire Service partnerships - Capital,Justice and Community Safety Directorate,New Works,Community services,Safety,53,17,0,0,0,70
Strengthening Emergency Services - Territory Radio Network upgrade - Phases 2 and 3,Justice and Community Safety Directorate,Works-in-progress,Community services,Safety,452,0,0,0,0,452
Strengthening infrastructure supporting Canberra's new public transport network,Transport Canberra and City Services Directorate,Works-in-progress,Public transport and active travel,Access and connectivity,"1,652",0,0,0,0,"1,652"
Strengthening specialist capacity at Bimberi Youth Justice Centre,Community Services Directorate,Works-in-progress,Community services,Access and connectivity,3,0,0,0,0,3
Stromlo Forest Park - Improved parking,"Chief Minister, Treasury and Economic Development Directorate",New Works,Urban infrastructure,Access and connectivity,343,"2,543",0,0,0,"2,886"
Supporting more Canberrans to Park and Ride,Transport Canberra and City Services Directorate,Works-in-progress,Public transport and active travel,Access and connectivity,"1,304",610,0,0,0,"1,914"
Supporting our heritage - Funding for the National Trust and upgrading the Heritage Council database and website,"Environment, Planning and Sustainable Development Directorate",Works-in-progress,Urban infrastructure,Identity and belonging,253,247,0,0,0,500
Supporting our School System - Improving ICT,Education Directorate,Works-in-progress,Education,Education and life-long learning,"7,796","6,034","6,197","6,321","6,321","32,669"
Sustainable Rural Water Use and Infrastructure Programme - Capital,"Environment, Planning and Sustainable Development Directorate",Works-in-progress,Environment and climate,Environment and climate,300,0,0,0,0,300
The Canberra Hospital - Essential infrastructure and engineering works,Canberra Health Services,Works-in-progress,Health services,Health,708,550,0,0,0,"1,258"
The Local Roads and Community Infrastructure (Cth contribution),"Chief Minister, Treasury and Economic Development Directorate",Works-in-progress,Urban roads,Access and connectivity,"4,766","8,459",0,0,0,"13,225"
Throsby Home of Football - Stage 2,"Chief Minister, Treasury and Economic Development Directorate",New Works,Urban infrastructure,Social connection,0,"3,000","6,000",0,0,"9,000"
Transport for Canberra - Real Time Passenger Information System,Transport Canberra and City Services Directorate,Works-in-progress,Public transport and active travel,Access and connectivity,"1,555",0,0,0,0,"1,555"
Tuggeranong Arts Centre Theatre Upgrade,"Chief Minister, Treasury and Economic Development Directorate",New Works,Urban infrastructure,Identity and belonging,430,"1,400",170,0,0,"2,000"
University of Canberra Public Hospital,Canberra Health Services,Works-in-progress,Health services,Health,462,0,0,0,0,462
University of Canberra Public Hospital Car Park (Grant),Canberra Health Services,Works-in-progress,Health services,Health,307,0,0,0,0,307
Upgrade and Refurbishment of Critical Buildings at Canberra Hospital,Canberra Health Services,Works-in-progress,Health services,Health,"6,036","9,872",0,0,0,"15,908"
Upgrade toilet - Orroral Valley Campground,"Environment, Planning and Sustainable Development Directorate",Better Infrastructure Fund,Urban infrastructure,Access and connectivity,66,0,0,0,0,66
Upgrading ACT Policing facilities,Justice and Community Safety Directorate,Works-in-progress,Community services,Safety,150,0,0,0,0,150
Upgrading an intersection on Owen Dixon Drive (ACT contribution),Transport Canberra and City Services Directorate,Works-in-progress,Major roads,Safety,164,500,"4,000",0,0,"4,664"
Upgrading an intersection on Owen Dixon Drive (Cth contribution),Transport Canberra and City Services Directorate,Works-in-progress,Major roads,Safety,"2,500","2,500",0,0,0,"5,000"
Upgrading Canberra venues,"Chief Minister, Treasury and Economic Development Directorate",New Works,Urban infrastructure,Social connection,959,"2,100",0,0,0,"3,059"
Upgrading Canberra venues,"Chief Minister, Treasury and Economic Development Directorate",New Works,Urban infrastructure,Social connection,0,"5,000",0,0,0,"5,000"
Upgrading cyber security responses,"Chief Minister, Treasury and Economic Development Directorate",Works-in-progress,Economic growth,Governance and institution,273,0,0,0,0,273
Upgrading essential services at the Alexander Maconochie Centre,Justice and Community Safety Directorate,Works-in-progress,Community services,Safety,"1,125",0,0,0,0,"1,125"
Upgrading essential services at the Alexander Maconochie Centre,Justice and Community Safety Directorate,Works-in-progress,Community services,Safety,"1,101","4,721",0,0,0,"5,822"
Upgrading Lanyon Homestead,Cultural Facilities Corporation,Works-in-progress,Economic growth,Identity and belonging,988,"1,621",0,0,0,"2,609"
Upgrading local arts facilities,"Chief Minister, Treasury and Economic Development Directorate",Works-in-progress,Economic growth,Social connection,643,643,0,0,0,"1,286"
Upgrading local community centres,"Chief Minister, Treasury and Economic Development Directorate",Works-in-progress,Urban infrastructure,Social connection,463,300,0,0,0,763
Upgrading the ACT Material Recovery Facility (ACT contribution),Transport Canberra and City Services Directorate,Works-in-progress,Environment and climate,Environment and climate,381,"2,500","9,350",0,232,"12,463"
Upgrading the ACT Material Recovery Facility (Cth contribution),Transport Canberra and City Services Directorate,Works-in-progress,Environment and climate,Environment and climate,0,"5,000","5,360",0,0,"10,360"
Upgrading the ACT State Emergency Service’s Majura Unit facility,Justice and Community Safety Directorate,Works-in-progress,Community services,Safety,19,"1,518",0,0,0,"1,537"
Walk-in health centre - Coombs  pilot,Canberra Health Services,Works-in-progress,Health services,Health,250,0,0,0,0,250
"Well -prepared emergency services - Improving safety at police, emergency services and corrections facilities",Justice and Community Safety Directorate,New Works,Community services,Safety,150,"1,508",0,0,0,"1,658"
Well-prepared emergency services - Gungahlin Joint Emergency Service Centre,Justice and Community Safety Directorate,New Works,Community services,Safety,344,"6,364","1,469",50,0,"8,227"
Well-prepared emergency services - Strengthening  ICT infrastructure,Justice and Community Safety Directorate,New Works,Community services,Safety,"1,124",586,0,0,0,"1,710"
Well-prepared emergency services - Vehicle replacement program,Justice and Community Safety Directorate,New Works,Community services,Safety,152,"5,222","4,377","3,029","3,000","15,780"
Connected and sustainable Canberra - Constructing the William Hovell Drive duplication (Cth contribution),Transport Canberra and City Services Directorate,New Works,Major roads,Access and connectivity,0,"6,950","11,900","7,650","2,650","29,150"
Woden Bus Depot Augmentation,Transport Canberra and City Services Directorate,Works-in-progress,Public transport and active travel,Access and connectivity,"1,778","12,000","19,398",0,0,"33,176"
Workplace health and safety - Increased support,Office of the Work Health and Safety Commissioner,New Works,Community services,Safety,350,0,0,0,0,350
